[{"metadata":{"updatedOn":1651931074000,"updatedBy":"Leon Boeijen","createdBy":"Leon Boeijen","createdOn":1651931074000,"context":{"id":"SUB_ACCOUNT","contextType":"sub_account","tenantId":"07e22fb235016a1692dbe5715caefefe","identityZoneId":"1fa3feb8-24f2-4583-b1bb-c683bd4c8527","instanceId":"13bc5897-aa9e-44cf-959d-8936bd8ccddf"}},"cdm":{"texts":{"cdm|identification|title":{"type":"XTIT","value":{"":"Workshop","en":""}},"cdm|identification|description":{"type":"XTIT","value":{"":"Apps for Workshop","en":""}}},"payload":{"tiles":[]},"_version":"3.0","relations":{"viz":[{"label":"ref","target":{"id":"saas_approuter_nato.workshop.basiclist","context":{"id":"SUB_ACCOUNT","type":"SUB_ACCOUNT"},"entityType":"businessapp","properties":{"vizId":"NATO-BasicList"}}}]},"identification":{"id":"210e0ee6-310b-47dc-be8e-cd0f06fca338","title":"{{cdm|identification|title}}","entityType":"group","description":"{{cdm|identification|description}}"}}}]