[{"metadata":{"updatedOn":1651928920000,"updatedBy":"Leon Boeijen","createdBy":"Leon Boeijen","createdOn":1651928920000,"context":{"id":"43681012-5fa6-49a9-bca6-440e545b9467","contextType":"site","tenantId":"07e22fb235016a1692dbe5715caefefe","identityZoneId":"1fa3feb8-24f2-4583-b1bb-c683bd4c8527","instanceId":"13bc5897-aa9e-44cf-959d-8936bd8ccddf"}},"cdm":{"texts":{"title":{"value":{"":"Launchpad"}}},"payload":{"pageConfig":{"type":"flp","layout":{"groupsOrder":[]}},"targetAppConfig":{"sap.app":{"crossNavigation":{"inbounds":{"Shell-home":{}}}}}},"_version":"3.0.0","identification":{"id":"flp_pageapp","title":"{{title}}","entityType":"pageapp"}}}]