[{"metadata":{"updatedOn":1651931330000,"updatedBy":"Leon Boeijen","createdBy":"Leon Boeijen","createdOn":1651928920000,"context":{"id":"43681012-5fa6-49a9-bca6-440e545b9467","contextType":"site","tenantId":"07e22fb235016a1692dbe5715caefefe","identityZoneId":"1fa3feb8-24f2-4583-b1bb-c683bd4c8527","instanceId":"13bc5897-aa9e-44cf-959d-8936bd8ccddf"}},"cdm":{"payload":{},"_version":"3.0.0","relations":{"roles":[{"label":"ref","target":{"id":"NatoWorkshop","context":{"id":"SUB_ACCOUNT","type":"SUB_ACCOUNT"},"entityType":"role"}},{"label":"ref","target":{"id":"sap_subaccount_everyone","context":{"id":"SUB_ACCOUNT","type":"SUB_ACCOUNT"},"entityType":"role"}}]},"identification":{"id":"sitereferences.default","entityType":"sitereferences"}}}]