[{"metadata":{"updatedOn":1651930909000,"updatedBy":"Leon Boeijen","createdBy":"Leon Boeijen","createdOn":1651930909000,"context":{"id":"SUB_ACCOUNT","contextType":"sub_account","tenantId":"07e22fb235016a1692dbe5715caefefe","identityZoneId":"1fa3feb8-24f2-4583-b1bb-c683bd4c8527","instanceId":"13bc5897-aa9e-44cf-959d-8936bd8ccddf"}},"cdm":{"texts":{"cdm|identification|title":{"type":"XTIT","value":{"":"Workshop","en":""}},"cdm|identification|description":{"type":"XTIT","value":{"":"Workshop for NATO","en":""}}},"payload":{"apps":[]},"_version":"3.0","relations":{"apps":[{"label":"ref","target":{"id":"saas_approuter_nato.workshop.basiclist","context":{"id":"SUB_ACCOUNT","type":"SUB_ACCOUNT"},"entityType":"businessapp"}}]},"identification":{"id":"NatoWorkshop","title":"{{cdm|identification|title}}","entityType":"role","description":"{{cdm|identification|description}}"}}}]