[{"metadata":{"updatedOn":1651931330000,"updatedBy":"Leon Boeijen","createdBy":"Leon Boeijen","createdOn":1651928920000,"context":{"id":"43681012-5fa6-49a9-bca6-440e545b9467","contextType":"site","tenantId":"07e22fb235016a1692dbe5715caefefe","identityZoneId":"1fa3feb8-24f2-4583-b1bb-c683bd4c8527","instanceId":"13bc5897-aa9e-44cf-959d-8936bd8ccddf"}},"cdm":{"payload":{"config":{"ushellConfig":{"services":{"AllMyApps":{"config":{"enabled":true}}},"renderers":{"fiori2":{"componentData":{"config":{"rootIntent":"Shell-home","applications":{"Shell-home":{"enableEasyAccess":false,"enableHomePageSettings":true}},"enableSearch":true,"sizeBehavior":"Responsive","enableSetTheme":true,"enableHideGroups":true,"enableUserThemes":true,"enableSetLanguage":true,"enableTilesOpacity":false,"enableRecentActivity":false,"enablePersonalization":true,"searchBusinessObjects":false,"enableAutomaticSignout":true,"enableActionModeMenuButton":true,"enableUserDefaultParameters":true,"enableFeaturePolicyInIframes":true,"enableActionModeFloatingButton":true,"moveAppFinderActionToShellHeader":false,"moveEditHomePageActionToShellHeader":false,"moveUserSettingsActionToShellHeader":false}}}},"modulePaths":{},"bootstrapPlugins":{"MobileStartQrCode":{"url":"/cp.portal/sap/cf/plugins/MobileStartQrCode","component":"MobileStartQrCode"}}}},"groupsOrder":[],"sap.cloud.portal":{"config":{"icon":"portalsitetemplates/flp/preview.png","menu":{"width":"full","height":"s","version":"2.0","alignment":"left","availableMobile":true,"availableDesktop":true},"theme.id":"sap_fiori_3","theme.active":["sap_fiori_3","sap_fiori_3_dark","sap_belize_hcb","sap_belize_hcw"]},"locales":{"available":["en",""]},"_version":"1.2.0","availablePageTemplates":[]}},"_version":"3.0.1","identification":{"id":"43681012-5fa6-49a9-bca6-440e545b9467","title":"NATO Workshop","entityType":"site"}}}]