[{"metadata":{"updatedOn":1651930616000,"updatedBy":"Leon Boeijen","createdBy":"Leon Boeijen","createdOn":1651930616000,"context":{"id":"SUB_ACCOUNT","contextType":"sub_account","tenantId":"07e22fb235016a1692dbe5715caefefe","identityZoneId":"1fa3feb8-24f2-4583-b1bb-c683bd4c8527","instanceId":"13bc5897-aa9e-44cf-959d-8936bd8ccddf"}},"cdm":{"texts":{},"payload":{"systemAlias":{"id":"saas_approuter","https":{}},"targetAppConfig":{"sap.app":{"providerId":"saas_approuter","destination":"saas_approuter"}}},"_version":"3.0","relations":{"base":[{"label":"extends","target":{"id":"nato.workshop.basiclist","context":{"id":"saas_approuter_d4a3a905trial","type":"SNAPSHOT"},"entityType":"businessapp"}}]},"identification":{"id":"saas_approuter_nato.workshop.basiclist","entityType":"businessapp","providerId":"saas_approuter"}}}]